Newton-Raphson,,,,
,Alpha,f(Alpha),f'(Alpha),f''(Alpha)
1,-4,272,-264,194
2,-2.639175258,55.47989845,-78.80837058,85.58295249
3,-1.718333334,11.67092632,-23.73134802,37.43203338
4,-1.084348325,2.558343482,-7.268652666,16.10973549
5,-0.633152049,0.561587508,-2.281579913,6.810578204
6,-0.298146731,0.096793168,-0.702304272,3.066697682
7,-0.069136785,0.004802742,-0.139595436,2.05735874
8,-0.001285013,1.65E-06,-0.002570034,2.000019815
9,-8.49E-09,7.20E-17,-1.70E-08,2
