Secante,,,
,Alpha,f(Alpha),f'(Alpha)
1,-1,2,-6
2,0.366666667,0.152519753,0.930518519
3,0.268424781,0.077243334,0.614211584
4,0.195213973,0.039560753,0.420185188
5,0.14045598,0.020117072,0.291995555
6,0.099763954,0.010051906,0.20349965
7,0.069935728,0.004914928,0.141239681
8,0.048440454,0.002351984,0.097335566
9,0.033214389,0.001104413,0.066575345
10,0.022593047,0.000510706,0.045232224
