Secante,,,
,Alpha ,f(Alpha),f'(Alpha)
1,-1,2,-5.339
2,0.333942804,0.123954015,0.998116259
3,0.215869355,0.048771099,0.609570916
4,0.131589325,0.017615586,0.388945946
5,0.071582383,0.005150293,0.251569648
6,0.029589411,0.0008763,0.161991345
7,0.000988045,9.76E-07,0.103016201
8,-0.017923056,0.000321339,0.064606677
9,-0.030097473,0.000906678,0.040035614
10,-0.037771335,0.001428709,0.024586932
