Secante (x_1),,,
,x,f(x),f'(x)
1,0,0,-2
2,2.26,0.5876,2.52
3,2.013308795,0.026794713,2.026617589
4,1.763319719,-0.417343006,1.526639438
5,1.517823757,-0.731858557,1.035647514
6,1.293053274,-0.914119779,0.586106548
7,1.11778079,-0.986127685,0.23556158
8,1.023513466,-0.999447117,0.047026932
9,1.001067953,-0.999998859,0.002135907
10,1.000002277,-1,4.55E-06
